candidate,submission_file,scenario,fold,valid_days,scenario_weight,valid_start,valid_end,timesfm_family,timesfm_weight,Revenue_mae,Revenue_mape,COGS_mae,COGS_mape,avg_mae,avg_mape
timesfm_direct_raw_w0.00,submission_best_timesfm_tuned_direct_raw_w0.00.csv,548d_1fold,1,548,0.45,2021-07-02,2022-12-31,direct_raw,0.0,136827.7855109489,6.168266396333646,184819.60262773724,7.8754780803931625,160823.69406934307,7.021872238363404
timesfm_direct_raw_w0.02,submission_best_timesfm_tuned_direct_raw_w0.02.csv,548d_1fold,1,548,0.45,2021-07-02,2022-12-31,direct_raw,0.02,139436.04671532847,6.273390860556644,186191.7494890511,7.8682999371804785,162813.89810218976,7.070845398868562
timesfm_direct_raw_w0.05,submission_best_timesfm_tuned_direct_raw_w0.05.csv,548d_1fold,1,548,0.45,2021-07-02,2022-12-31,direct_raw,0.05,150851.8108211679,6.877368301301301,192395.2577372263,8.14368772079538,171623.5342791971,7.510528011048341
timesfm_direct_raw_w0.08,submission_best_timesfm_tuned_direct_raw_w0.08.csv,548d_1fold,1,548,0.45,2021-07-02,2022-12-31,direct_raw,0.08,170226.44812043794,7.9217200572869215,203664.6657481752,8.790455881037236,186945.55693430657,8.356087969162079
timesfm_direct_raw_w0.10,submission_best_timesfm_tuned_direct_raw_w0.10.csv,548d_1fold,1,548,0.45,2021-07-02,2022-12-31,direct_raw,0.1,186448.18222627736,8.798380551258429,212861.21060218976,9.3288574071182,199654.69641423356,9.063618979188314
timesfm_direct_raw_w0.15,submission_best_timesfm_tuned_direct_raw_w0.15.csv,548d_1fold,1,548,0.45,2021-07-02,2022-12-31,direct_raw,0.15,233298.48768248176,11.32373848907489,240461.04494525547,10.960994473180511,236879.76631386863,11.1423664811277
timesfm_direct_raw_w0.20,submission_best_timesfm_tuned_direct_raw_w0.20.csv,548d_1fold,1,548,0.45,2021-07-02,2022-12-31,direct_raw,0.2,286500.8285218978,14.17756226399391,273649.3956751825,12.932349915083819,280075.1120985402,13.554956089538864
timesfm_direct_log1p_w0.00,submission_best_timesfm_tuned_direct_log1p_w0.00.csv,548d_1fold,1,548,0.45,2021-07-02,2022-12-31,direct_log1p,0.0,136827.7855109489,6.168266396333646,184819.60262773724,7.8754780803931625,160823.69406934307,7.021872238363404
timesfm_direct_log1p_w0.02,submission_best_timesfm_tuned_direct_log1p_w0.02.csv,548d_1fold,1,548,0.45,2021-07-02,2022-12-31,direct_log1p,0.02,142444.9314051095,6.254816357325494,196476.7955109489,8.124445287289493,169460.8634580292,7.189630822307493
timesfm_direct_log1p_w0.05,submission_best_timesfm_tuned_direct_log1p_w0.05.csv,548d_1fold,1,548,0.45,2021-07-02,2022-12-31,direct_log1p,0.05,160802.41821167886,6.670449120325429,216664.72739051096,8.61670145686066,188733.5728010949,7.643575288593045
timesfm_direct_log1p_w0.08,submission_best_timesfm_tuned_direct_log1p_w0.08.csv,548d_1fold,1,548,0.45,2021-07-02,2022-12-31,direct_log1p,0.08,186563.8203649635,7.333887407003224,238655.35339416057,9.189987455478711,212609.58687956203,8.261937431240968
timesfm_direct_log1p_w0.10,submission_best_timesfm_tuned_direct_log1p_w0.10.csv,548d_1fold,1,548,0.45,2021-07-02,2022-12-31,direct_log1p,0.1,205670.56459854016,7.855470248526247,254216.08481751828,9.621932553193183,229943.32470802922,8.738701400859714
timesfm_direct_log1p_w0.15,submission_best_timesfm_tuned_direct_log1p_w0.15.csv,548d_1fold,1,548,0.45,2021-07-02,2022-12-31,direct_log1p,0.15,257358.58850364963,9.303843271988933,295964.4985583942,10.900608228128531,276661.5435310219,10.102225750058732
timesfm_direct_log1p_w0.20,submission_best_timesfm_tuned_direct_log1p_w0.20.csv,548d_1fold,1,548,0.45,2021-07-02,2022-12-31,direct_log1p,0.2,311370.40209854016,10.867733709251521,340221.85151459853,12.315636030233437,325796.12680656934,11.59168486974248
timesfm_recursive64_raw_w0.00,submission_best_timesfm_tuned_recursive64_raw_w0.00.csv,548d_1fold,1,548,0.45,2021-07-02,2022-12-31,recursive64_raw,0.0,136827.7855109489,6.168266396333646,184819.60262773724,7.8754780803931625,160823.69406934307,7.021872238363404
timesfm_recursive64_raw_w0.02,submission_best_timesfm_tuned_recursive64_raw_w0.02.csv,548d_1fold,1,548,0.45,2021-07-02,2022-12-31,recursive64_raw,0.02,141314.23361313867,6.4681040343232095,183768.77875912408,7.843124873911302,162541.5061861314,7.155614454117256
timesfm_recursive64_raw_w0.05,submission_best_timesfm_tuned_recursive64_raw_w0.05.csv,548d_1fold,1,548,0.45,2021-07-02,2022-12-31,recursive64_raw,0.05,168906.83390510947,8.129735912147522,190758.4108394161,8.366342257251222,179832.62237226276,8.248039084699371
timesfm_recursive64_raw_w0.08,submission_best_timesfm_tuned_recursive64_raw_w0.08.csv,548d_1fold,1,548,0.45,2021-07-02,2022-12-31,recursive64_raw,0.08,212695.3939781022,10.687069508540988,206732.15100364963,9.482212078321812,209713.7724908759,10.0846407934314
timesfm_recursive64_raw_w0.10,submission_best_timesfm_tuned_recursive64_raw_w0.10.csv,548d_1fold,1,548,0.45,2021-07-02,2022-12-31,recursive64_raw,0.1,247166.3857481752,12.642575836406033,220538.31197080293,10.417163795289316,233852.34885948908,11.529869815847675
timesfm_recursive64_raw_w0.15,submission_best_timesfm_tuned_recursive64_raw_w0.15.csv,548d_1fold,1,548,0.45,2021-07-02,2022-12-31,recursive64_raw,0.15,342712.2229927007,17.977093312161045,262637.38231751823,13.178667880816064,302674.80265510944,15.577880596488555
timesfm_recursive64_raw_w0.20,submission_best_timesfm_tuned_recursive64_raw_w0.20.csv,548d_1fold,1,548,0.45,2021-07-02,2022-12-31,recursive64_raw,0.2,443525.79660583945,23.564273359166243,313676.05998175184,16.42240594800978,378600.9282937957,19.99333965358801
timesfm_recursive64_log1p_w0.00,submission_best_timesfm_tuned_recursive64_log1p_w0.00.csv,548d_1fold,1,548,0.45,2021-07-02,2022-12-31,recursive64_log1p,0.0,136827.7855109489,6.168266396333646,184819.60262773724,7.8754780803931625,160823.69406934307,7.021872238363404
timesfm_recursive64_log1p_w0.02,submission_best_timesfm_tuned_recursive64_log1p_w0.02.csv,548d_1fold,1,548,0.45,2021-07-02,2022-12-31,recursive64_log1p,0.02,140972.6445620438,6.2227161045460395,192813.19914233577,8.026248294595094,166892.9218521898,7.124482199570567
timesfm_recursive64_log1p_w0.05,submission_best_timesfm_tuned_recursive64_log1p_w0.05.csv,548d_1fold,1,548,0.45,2021-07-02,2022-12-31,recursive64_log1p,0.05,155646.11383211677,6.598223732138779,207220.26755474453,8.38437069217783,181433.19069343066,7.491297212158305
timesfm_recursive64_log1p_w0.08,submission_best_timesfm_tuned_recursive64_log1p_w0.08.csv,548d_1fold,1,548,0.45,2021-07-02,2022-12-31,recursive64_log1p,0.08,177457.5331569343,7.259633955115256,224391.8744890511,8.932842810496213,200924.70382299268,8.096238382805735
timesfm_recursive64_log1p_w0.10,submission_best_timesfm_tuned_recursive64_log1p_w0.10.csv,548d_1fold,1,548,0.45,2021-07-02,2022-12-31,recursive64_log1p,0.1,193755.20503649634,7.77320045645503,237015.94253649632,9.388559682651334,215385.57378649633,8.580880069553181
timesfm_recursive64_log1p_w0.15,submission_best_timesfm_tuned_recursive64_log1p_w0.15.csv,548d_1fold,1,548,0.45,2021-07-02,2022-12-31,recursive64_log1p,0.15,238322.70319343064,9.212432996814353,270191.23569343064,10.632353840909634,254256.96944343066,9.922393418861994
timesfm_recursive64_log1p_w0.20,submission_best_timesfm_tuned_recursive64_log1p_w0.20.csv,548d_1fold,1,548,0.45,2021-07-02,2022-12-31,recursive64_log1p,0.2,287491.29525547446,10.906349067230277,306091.42658759124,12.050970321918712,296791.36092153285,11.478659694574494
timesfm_direct_raw_w0.00,submission_best_timesfm_tuned_direct_raw_w0.00.csv,180d_3fold,1,180,0.2,2021-07-10,2022-01-05,direct_raw,0.0,145179.1912222222,8.129857359616935,224149.32777777777,10.617272645639462,184664.2595,9.373565002628197
timesfm_direct_raw_w0.02,submission_best_timesfm_tuned_direct_raw_w0.02.csv,180d_3fold,1,180,0.2,2021-07-10,2022-01-05,direct_raw,0.02,145135.65838888887,8.093224178014086,217936.91716666668,10.216015656966517,181536.28777777776,9.154619917490301
timesfm_direct_raw_w0.05,submission_best_timesfm_tuned_direct_raw_w0.05.csv,180d_3fold,1,180,0.2,2021-07-10,2022-01-05,direct_raw,0.05,155893.0234444444,8.84005279662397,212434.33238888887,9.888020547040838,184163.67791666664,9.364036671832405
timesfm_direct_raw_w0.08,submission_best_timesfm_tuned_direct_raw_w0.08.csv,180d_3fold,1,180,0.2,2021-07-10,2022-01-05,direct_raw,0.08,176145.16755555556,10.278110761072263,214896.55494444445,10.179015828924125,195520.86125000002,10.228563294998194
timesfm_direct_raw_w0.10,submission_best_timesfm_tuned_direct_raw_w0.10.csv,180d_3fold,1,180,0.2,2021-07-10,2022-01-05,direct_raw,0.1,191940.23927777773,11.367204114822108,219810.83088888886,10.647952659359916,205875.5350833333,11.007578387091012
timesfm_direct_raw_w0.15,submission_best_timesfm_tuned_direct_raw_w0.15.csv,180d_3fold,1,180,0.2,2021-07-10,2022-01-05,direct_raw,0.15,239072.9468333333,14.526932307429933,235684.69866666666,12.022997972863301,237378.82275,13.274965140146616
timesfm_direct_raw_w0.20,submission_best_timesfm_tuned_direct_raw_w0.20.csv,180d_3fold,1,180,0.2,2021-07-10,2022-01-05,direct_raw,0.2,295571.94211111113,18.239846937465355,259302.87338888893,13.84692883129408,277437.40775,16.04338788437972
timesfm_direct_log1p_w0.00,submission_best_timesfm_tuned_direct_log1p_w0.00.csv,180d_3fold,1,180,0.2,2021-07-10,2022-01-05,direct_log1p,0.0,145179.1912222222,8.129857359616935,224149.32777777777,10.617272645639462,184664.2595,9.373565002628197
timesfm_direct_log1p_w0.02,submission_best_timesfm_tuned_direct_log1p_w0.02.csv,180d_3fold,1,180,0.2,2021-07-10,2022-01-05,direct_log1p,0.02,148200.6343888889,8.165791388222964,229957.5982222222,10.72484693529661,189079.11630555557,9.445319161759787
timesfm_direct_log1p_w0.05,submission_best_timesfm_tuned_direct_log1p_w0.05.csv,180d_3fold,1,180,0.2,2021-07-10,2022-01-05,direct_log1p,0.05,156250.13694444444,8.342465011382092,240314.7275,10.932662838336139,198282.4322222222,9.637563924859116
timesfm_direct_log1p_w0.08,submission_best_timesfm_tuned_direct_log1p_w0.08.csv,180d_3fold,1,180,0.2,2021-07-10,2022-01-05,direct_log1p,0.08,166569.36377777776,8.642428513866506,251816.6533888889,11.189725544821785,209193.00858333334,9.916077029344144
timesfm_direct_log1p_w0.10,submission_best_timesfm_tuned_direct_log1p_w0.10.csv,180d_3fold,1,180,0.2,2021-07-10,2022-01-05,direct_log1p,0.1,174180.51638888888,8.922416734191733,259857.49772222224,11.40765993571837,217019.00705555556,10.165038334955051
timesfm_direct_log1p_w0.15,submission_best_timesfm_tuned_direct_log1p_w0.15.csv,180d_3fold,1,180,0.2,2021-07-10,2022-01-05,direct_log1p,0.15,194476.75505555555,9.72014256127892,280549.2158333333,11.992400618432685,237512.98544444444,10.856271589855801
timesfm_direct_log1p_w0.20,submission_best_timesfm_tuned_direct_log1p_w0.20.csv,180d_3fold,1,180,0.2,2021-07-10,2022-01-05,direct_log1p,0.2,216612.91749999995,10.654301929594537,302713.6044444444,12.745703445233628,259663.2609722222,11.700002687414083
timesfm_recursive64_raw_w0.00,submission_best_timesfm_tuned_recursive64_raw_w0.00.csv,180d_3fold,1,180,0.2,2021-07-10,2022-01-05,recursive64_raw,0.0,145179.1912222222,8.129857359616935,224149.32777777777,10.617272645639462,184664.2595,9.373565002628197
timesfm_recursive64_raw_w0.02,submission_best_timesfm_tuned_recursive64_raw_w0.02.csv,180d_3fold,1,180,0.2,2021-07-10,2022-01-05,recursive64_raw,0.02,144782.6866111111,8.101063064977344,217222.32638888888,10.172235222210615,181002.5065,9.13664914359398
timesfm_recursive64_raw_w0.05,submission_best_timesfm_tuned_recursive64_raw_w0.05.csv,180d_3fold,1,180,0.2,2021-07-10,2022-01-05,recursive64_raw,0.05,159385.05727777776,9.162927471195237,213112.5207222222,9.936188612608632,186248.789,9.549558041901935
timesfm_recursive64_raw_w0.08,submission_best_timesfm_tuned_recursive64_raw_w0.08.csv,180d_3fold,1,180,0.2,2021-07-10,2022-01-05,recursive64_raw,0.08,184408.2262222222,10.957405412596492,217999.9838888889,10.406655158106998,201204.10505555556,10.682030285351745
timesfm_recursive64_raw_w0.10,submission_best_timesfm_tuned_recursive64_raw_w0.10.csv,180d_3fold,1,180,0.2,2021-07-10,2022-01-05,recursive64_raw,0.1,204434.13011111112,12.340946690380608,223826.6033333333,10.943395921006598,214130.3667222222,11.642171305693603
timesfm_recursive64_raw_w0.15,submission_best_timesfm_tuned_recursive64_raw_w0.15.csv,180d_3fold,1,180,0.2,2021-07-10,2022-01-05,recursive64_raw,0.15,265715.3685,16.4376449546503,243644.01399999997,12.593503266171972,254679.69124999997,14.515574110411135
timesfm_recursive64_raw_w0.20,submission_best_timesfm_tuned_recursive64_raw_w0.20.csv,180d_3fold,1,180,0.2,2021-07-10,2022-01-05,recursive64_raw,0.2,335511.5051111111,21.058482759294222,273392.89377777773,14.84382474854516,304452.1994444444,17.95115375391969
timesfm_recursive64_log1p_w0.00,submission_best_timesfm_tuned_recursive64_log1p_w0.00.csv,180d_3fold,1,180,0.2,2021-07-10,2022-01-05,recursive64_log1p,0.0,145179.1912222222,8.129857359616935,224149.32777777777,10.617272645639462,184664.2595,9.373565002628197
timesfm_recursive64_log1p_w0.02,submission_best_timesfm_tuned_recursive64_log1p_w0.02.csv,180d_3fold,1,180,0.2,2021-07-10,2022-01-05,recursive64_log1p,0.02,147038.69161111108,8.111800024750748,228698.63333333333,10.651167760179867,187868.6624722222,9.381483892465308
timesfm_recursive64_log1p_w0.05,submission_best_timesfm_tuned_recursive64_log1p_w0.05.csv,180d_3fold,1,180,0.2,2021-07-10,2022-01-05,recursive64_log1p,0.05,153203.8624444444,8.213764369312266,237236.63305555558,10.766454560297673,195220.24774999998,9.49010946480497
timesfm_recursive64_log1p_w0.08,submission_best_timesfm_tuned_recursive64_log1p_w0.08.csv,180d_3fold,1,180,0.2,2021-07-10,2022-01-05,recursive64_log1p,0.08,162361.37477777776,8.558303862457977,247163.59916666662,10.981043855308165,204762.4869722222,9.76967385888307
timesfm_recursive64_log1p_w0.10,submission_best_timesfm_tuned_recursive64_log1p_w0.10.csv,180d_3fold,1,180,0.2,2021-07-10,2022-01-05,recursive64_log1p,0.1,169116.2632222222,8.848770478252533,254107.45677777778,11.155940142662052,211611.86,10.002355310457293
timesfm_recursive64_log1p_w0.15,submission_best_timesfm_tuned_recursive64_log1p_w0.15.csv,180d_3fold,1,180,0.2,2021-07-10,2022-01-05,recursive64_log1p,0.15,188322.10944444448,9.76131402405344,272925.37755555555,11.776172309993457,230623.7435,10.768743167023448
timesfm_recursive64_log1p_w0.20,submission_best_timesfm_tuned_recursive64_log1p_w0.20.csv,180d_3fold,1,180,0.2,2021-07-10,2022-01-05,recursive64_log1p,0.2,208999.0171111111,10.777173770050998,293175.8987222222,12.5438927002718,251087.45791666664,11.660533235161399
timesfm_direct_raw_w0.00,submission_best_timesfm_tuned_direct_raw_w0.00.csv,365d_1fold,1,365,0.25,2022-01-01,2022-12-31,direct_raw,0.0,178873.95169863012,6.66311502206883,164121.36939726028,6.872959999911944,171497.66054794518,6.768037510990387
timesfm_direct_raw_w0.02,submission_best_timesfm_tuned_direct_raw_w0.02.csv,365d_1fold,1,365,0.25,2022-01-01,2022-12-31,direct_raw,0.02,183183.4863013699,6.637448787664353,166961.50923287674,6.9285616445644616,175072.49776712334,6.783005216114407
timesfm_direct_raw_w0.05,submission_best_timesfm_tuned_direct_raw_w0.05.csv,365d_1fold,1,365,0.25,2022-01-01,2022-12-31,direct_raw,0.05,193074.7680273973,6.7771779693981795,175151.77123287672,7.223923999243373,184113.26963013702,7.0005509843207765
timesfm_direct_raw_w0.08,submission_best_timesfm_tuned_direct_raw_w0.08.csv,365d_1fold,1,365,0.25,2022-01-01,2022-12-31,direct_raw,0.08,206573.4930410959,7.077668987450836,188779.2069863014,7.780865938416949,197676.35001369865,7.429267462933892
timesfm_direct_raw_w0.10,submission_best_timesfm_tuned_direct_raw_w0.10.csv,365d_1fold,1,365,0.25,2022-01-01,2022-12-31,direct_raw,0.1,217297.6547671233,7.37656585006593,200209.5015890411,8.297649334419772,208753.57817808219,7.837107592242851
timesfm_direct_raw_w0.15,submission_best_timesfm_tuned_direct_raw_w0.15.csv,365d_1fold,1,365,0.25,2022-01-01,2022-12-31,direct_raw,0.15,248073.75901369864,8.390470331139557,233115.4301369863,9.846235310865532,240594.5945753425,9.118352821002546
timesfm_direct_raw_w0.20,submission_best_timesfm_tuned_direct_raw_w0.20.csv,365d_1fold,1,365,0.25,2022-01-01,2022-12-31,direct_raw,0.2,284686.8315342466,9.716351539288704,272165.71649315074,11.69072476080877,278426.2740136987,10.703538150048736
timesfm_direct_log1p_w0.00,submission_best_timesfm_tuned_direct_log1p_w0.00.csv,365d_1fold,1,365,0.25,2022-01-01,2022-12-31,direct_log1p,0.0,178873.95169863012,6.66311502206883,164121.36939726028,6.872959999911944,171497.66054794518,6.768037510990387
timesfm_direct_log1p_w0.02,submission_best_timesfm_tuned_direct_log1p_w0.02.csv,365d_1fold,1,365,0.25,2022-01-01,2022-12-31,direct_log1p,0.02,189207.02643835623,6.82087721713895,172546.00287671236,7.017818598785258,180876.5146575343,6.919347907962104
timesfm_direct_log1p_w0.05,submission_best_timesfm_tuned_direct_log1p_w0.05.csv,365d_1fold,1,365,0.25,2022-01-01,2022-12-31,direct_log1p,0.05,207116.96632876716,7.118175853367423,188535.11391780825,7.380204464560205,197826.0401232877,7.249190158963814
timesfm_direct_log1p_w0.08,submission_best_timesfm_tuned_direct_log1p_w0.08.csv,365d_1fold,1,365,0.25,2022-01-01,2022-12-31,direct_log1p,0.08,227534.89832876716,7.501534601339052,207086.22501369865,7.825473637461326,217310.56167123292,7.663504119400189
timesfm_direct_log1p_w0.10,submission_best_timesfm_tuned_direct_log1p_w0.10.csv,365d_1fold,1,365,0.25,2022-01-01,2022-12-31,direct_log1p,0.1,241994.0496164384,7.792273136717866,220225.85778082194,8.173608339919305,231109.95369863015,7.982940738318586
timesfm_direct_log1p_w0.15,submission_best_timesfm_tuned_direct_log1p_w0.15.csv,365d_1fold,1,365,0.25,2022-01-01,2022-12-31,direct_log1p,0.15,281087.9918082192,8.75994029023673,255705.9631232877,9.2450145718436,268396.97746575344,9.002477431040164
timesfm_direct_log1p_w0.20,submission_best_timesfm_tuned_direct_log1p_w0.20.csv,365d_1fold,1,365,0.25,2022-01-01,2022-12-31,direct_log1p,0.2,322748.814739726,9.895163176148953,293829.87008219183,10.49453279127928,308289.34241095895,10.194847983714116
timesfm_recursive64_raw_w0.00,submission_best_timesfm_tuned_recursive64_raw_w0.00.csv,365d_1fold,1,365,0.25,2022-01-01,2022-12-31,recursive64_raw,0.0,178873.95169863012,6.66311502206883,164121.36939726028,6.872959999911944,171497.66054794518,6.768037510990387
timesfm_recursive64_raw_w0.02,submission_best_timesfm_tuned_recursive64_raw_w0.02.csv,365d_1fold,1,365,0.25,2022-01-01,2022-12-31,recursive64_raw,0.02,190506.45610958905,6.832774030905539,169442.80569863014,6.97156260410002,179974.6309041096,6.902168317502779
timesfm_recursive64_raw_w0.05,submission_best_timesfm_tuned_recursive64_raw_w0.05.csv,365d_1fold,1,365,0.25,2022-01-01,2022-12-31,recursive64_raw,0.05,211778.88216438354,7.18655863125826,180288.66484931507,7.282731488832672,196033.7735068493,7.234645060045466
timesfm_recursive64_raw_w0.08,submission_best_timesfm_tuned_recursive64_raw_w0.08.csv,365d_1fold,1,365,0.25,2022-01-01,2022-12-31,recursive64_raw,0.08,236465.90934246575,7.678892217066085,194604.1618630137,7.742864125052433,215535.03560273972,7.710878171059259
timesfm_recursive64_raw_w0.10,submission_best_timesfm_tuned_recursive64_raw_w0.10.csv,365d_1fold,1,365,0.25,2022-01-01,2022-12-31,recursive64_raw,0.1,253567.60361643837,8.02500725533442,205884.06402739728,8.155041866599825,229725.83382191783,8.090024560967123
timesfm_recursive64_raw_w0.15,submission_best_timesfm_tuned_recursive64_raw_w0.15.csv,365d_1fold,1,365,0.25,2022-01-01,2022-12-31,recursive64_raw,0.15,298633.8854794521,9.101278731000582,237729.07728767124,9.4268363065909,268181.4813835617,9.264057518795742
timesfm_recursive64_raw_w0.20,submission_best_timesfm_tuned_recursive64_raw_w0.20.csv,365d_1fold,1,365,0.25,2022-01-01,2022-12-31,recursive64_raw,0.2,345279.84419178084,10.29781205022456,272788.9882739726,10.904303953811686,309034.4162328767,10.601058002018123
timesfm_recursive64_log1p_w0.00,submission_best_timesfm_tuned_recursive64_log1p_w0.00.csv,365d_1fold,1,365,0.25,2022-01-01,2022-12-31,recursive64_log1p,0.0,178873.95169863012,6.66311502206883,164121.36939726028,6.872959999911944,171497.66054794518,6.768037510990387
timesfm_recursive64_log1p_w0.02,submission_best_timesfm_tuned_recursive64_log1p_w0.02.csv,365d_1fold,1,365,0.25,2022-01-01,2022-12-31,recursive64_log1p,0.02,191098.31293150684,6.840913620279573,174003.9808219178,7.0463409600001885,182551.14687671233,6.943627290139881
timesfm_recursive64_log1p_w0.05,submission_best_timesfm_tuned_recursive64_log1p_w0.05.csv,365d_1fold,1,365,0.25,2022-01-01,2022-12-31,recursive64_log1p,0.05,213333.35915068493,7.210854585575986,193216.66019178083,7.481639512339541,203275.0096712329,7.346247048957764
timesfm_recursive64_log1p_w0.08,submission_best_timesfm_tuned_recursive64_log1p_w0.08.csv,365d_1fold,1,365,0.25,2022-01-01,2022-12-31,recursive64_log1p,0.08,238910.03232876715,7.712819337880929,215129.18112328768,8.00382397939545,227019.6067260274,7.858321658638189
timesfm_recursive64_log1p_w0.10,submission_best_timesfm_tuned_recursive64_log1p_w0.10.csv,365d_1fold,1,365,0.25,2022-01-01,2022-12-31,recursive64_log1p,0.1,257050.35810958905,8.082526743516398,230592.06567123288,8.417033355471547,243821.21189041098,8.249780049493973
timesfm_recursive64_log1p_w0.15,submission_best_timesfm_tuned_recursive64_log1p_w0.15.csv,365d_1fold,1,365,0.25,2022-01-01,2022-12-31,recursive64_log1p,0.15,304984.0576438356,9.243006994702244,272092.5882191781,9.637266347608897,288538.32293150685,9.440136671155571
timesfm_recursive64_log1p_w0.20,submission_best_timesfm_tuned_recursive64_log1p_w0.20.csv,365d_1fold,1,365,0.25,2022-01-01,2022-12-31,recursive64_log1p,0.2,354658.1769041096,10.52778055635076,316061.4160821918,11.015160451667086,335359.7964931507,10.771470504008922
timesfm_direct_raw_w0.00,submission_best_timesfm_tuned_direct_raw_w0.00.csv,180d_3fold,2,180,0.2,2022-01-06,2022-07-04,direct_raw,0.0,172977.8665,5.528984526192968,154658.8381111111,5.5807621677908825,163818.35230555554,5.554873346991926
timesfm_direct_raw_w0.02,submission_best_timesfm_tuned_direct_raw_w0.02.csv,180d_3fold,2,180,0.2,2022-01-06,2022-07-04,direct_raw,0.02,182825.2946666667,5.706333708319092,160817.54650000003,5.716776409368797,171821.42058333335,5.7115550588439445
timesfm_direct_raw_w0.05,submission_best_timesfm_tuned_direct_raw_w0.05.csv,180d_3fold,2,180,0.2,2022-01-06,2022-07-04,direct_raw,0.05,202610.70138888888,6.07360253170129,173459.79033333337,5.98601556868715,188035.24586111112,6.0298090501942205
timesfm_direct_raw_w0.08,submission_best_timesfm_tuned_direct_raw_w0.08.csv,180d_3fold,2,180,0.2,2022-01-06,2022-07-04,direct_raw,0.08,228710.49416666667,6.586187998659973,191567.51677777775,6.3696302729406655,210139.00547222223,6.477909135800319
timesfm_direct_raw_w0.10,submission_best_timesfm_tuned_direct_raw_w0.10.csv,180d_3fold,2,180,0.2,2022-01-06,2022-07-04,direct_raw,0.1,246817.02466666666,6.961656084701977,204904.78833333333,6.659942116312181,225860.90649999998,6.810799100507079
timesfm_direct_raw_w0.15,submission_best_timesfm_tuned_direct_raw_w0.15.csv,180d_3fold,2,180,0.2,2022-01-06,2022-07-04,direct_raw,0.15,292947.00377777783,7.92487215914714,241733.2547222222,7.508268256799432,267340.12925,7.716570207973286
timesfm_direct_raw_w0.20,submission_best_timesfm_tuned_direct_raw_w0.20.csv,180d_3fold,2,180,0.2,2022-01-06,2022-07-04,direct_raw,0.2,340005.9756111111,8.92194073098078,280215.5266666667,8.475425605946112,310110.7511388889,8.698683168463447
timesfm_direct_log1p_w0.00,submission_best_timesfm_tuned_direct_log1p_w0.00.csv,180d_3fold,2,180,0.2,2022-01-06,2022-07-04,direct_log1p,0.0,172977.8665,5.528984526192968,154658.8381111111,5.5807621677908825,163818.35230555554,5.554873346991926
timesfm_direct_log1p_w0.02,submission_best_timesfm_tuned_direct_log1p_w0.02.csv,180d_3fold,2,180,0.2,2022-01-06,2022-07-04,direct_log1p,0.02,184299.2871666667,5.689230004956936,161821.83622222225,5.705858518556466,173060.56169444448,5.697544261756701
timesfm_direct_log1p_w0.05,submission_best_timesfm_tuned_direct_log1p_w0.05.csv,180d_3fold,2,180,0.2,2022-01-06,2022-07-04,direct_log1p,0.05,209888.89316666668,6.105910805996024,181921.8041111111,6.096843691774024,195905.34863888889,6.101377248885024
timesfm_direct_log1p_w0.08,submission_best_timesfm_tuned_direct_log1p_w0.08.csv,180d_3fold,2,180,0.2,2022-01-06,2022-07-04,direct_log1p,0.08,241865.4137777778,6.645393059800653,210339.72738888892,6.677671708671048,226102.57058333338,6.6615323842358505
timesfm_direct_log1p_w0.10,submission_best_timesfm_tuned_direct_log1p_w0.10.csv,180d_3fold,2,180,0.2,2022-01-06,2022-07-04,direct_log1p,0.1,263652.7781666667,7.018088653710455,231273.32888888888,7.120783988530965,247463.05352777778,7.06943632112071
timesfm_direct_log1p_w0.15,submission_best_timesfm_tuned_direct_log1p_w0.15.csv,180d_3fold,2,180,0.2,2022-01-06,2022-07-04,direct_log1p,0.15,319964.5868888889,8.072091214675872,284581.1428333333,8.258901254407034,302272.8648611111,8.165496234541454
timesfm_direct_log1p_w0.20,submission_best_timesfm_tuned_direct_log1p_w0.20.csv,180d_3fold,2,180,0.2,2022-01-06,2022-07-04,direct_log1p,0.2,378839.3486111111,9.29428695000738,340706.54527777777,9.550001255931349,359772.94694444444,9.422144102969366
timesfm_recursive64_raw_w0.00,submission_best_timesfm_tuned_recursive64_raw_w0.00.csv,180d_3fold,2,180,0.2,2022-01-06,2022-07-04,recursive64_raw,0.0,172977.8665,5.528984526192968,154658.8381111111,5.5807621677908825,163818.35230555554,5.554873346991926
timesfm_recursive64_raw_w0.02,submission_best_timesfm_tuned_recursive64_raw_w0.02.csv,180d_3fold,2,180,0.2,2022-01-06,2022-07-04,recursive64_raw,0.02,189001.05416666667,5.812277833730064,161718.05872222222,5.725989599285243,175359.55644444446,5.769133716507653
timesfm_recursive64_raw_w0.05,submission_best_timesfm_tuned_recursive64_raw_w0.05.csv,180d_3fold,2,180,0.2,2022-01-06,2022-07-04,recursive64_raw,0.05,227287.7538888889,6.526803272481511,178958.6572777778,6.088149429608593,203123.20558333333,6.307476351045052
timesfm_recursive64_raw_w0.08,submission_best_timesfm_tuned_recursive64_raw_w0.08.csv,180d_3fold,2,180,0.2,2022-01-06,2022-07-04,recursive64_raw,0.08,270958.06261111115,7.3436271882176625,203641.82055555558,6.609168871233657,237299.94158333336,6.97639802972566
timesfm_recursive64_raw_w0.10,submission_best_timesfm_tuned_recursive64_raw_w0.10.csv,180d_3fold,2,180,0.2,2022-01-06,2022-07-04,recursive64_raw,0.1,300830.94700000004,7.911107512996324,222335.0474444444,7.019714528526716,261582.9972222222,7.46541102076152
timesfm_recursive64_raw_w0.15,submission_best_timesfm_tuned_recursive64_raw_w0.15.csv,180d_3fold,2,180,0.2,2022-01-06,2022-07-04,recursive64_raw,0.15,377549.813,9.377113773430418,270511.5325555556,8.092681713150894,324030.67277777777,8.734897743290656
timesfm_recursive64_raw_w0.20,submission_best_timesfm_tuned_recursive64_raw_w0.20.csv,180d_3fold,2,180,0.2,2022-01-06,2022-07-04,recursive64_raw,0.2,455527.3537222223,10.913378956725968,321467.7717777778,9.292992045837924,388497.56275000004,10.103185501281946
timesfm_recursive64_log1p_w0.00,submission_best_timesfm_tuned_recursive64_log1p_w0.00.csv,180d_3fold,2,180,0.2,2022-01-06,2022-07-04,recursive64_log1p,0.0,172977.8665,5.528984526192968,154658.8381111111,5.5807621677908825,163818.35230555554,5.554873346991926
timesfm_recursive64_log1p_w0.02,submission_best_timesfm_tuned_recursive64_log1p_w0.02.csv,180d_3fold,2,180,0.2,2022-01-06,2022-07-04,recursive64_log1p,0.02,187138.82711111117,5.735789319425593,162343.92155555557,5.71525950374416,174741.37433333337,5.7255244115848765
timesfm_recursive64_log1p_w0.05,submission_best_timesfm_tuned_recursive64_log1p_w0.05.csv,180d_3fold,2,180,0.2,2022-01-06,2022-07-04,recursive64_log1p,0.05,223091.02272222223,6.348812053959503,184985.8165,6.158283378113243,204038.4196111111,6.253547716036373
timesfm_recursive64_log1p_w0.08,submission_best_timesfm_tuned_recursive64_log1p_w0.08.csv,180d_3fold,2,180,0.2,2022-01-06,2022-07-04,recursive64_log1p,0.08,264423.4878333333,7.072577528020411,216225.24249999996,6.803567509672376,240324.36516666663,6.938072518846393
timesfm_recursive64_log1p_w0.10,submission_best_timesfm_tuned_recursive64_log1p_w0.10.csv,180d_3fold,2,180,0.2,2022-01-06,2022-07-04,recursive64_log1p,0.1,292872.6902777778,7.578140154718119,238916.9824444444,7.285682266577533,265894.8363611111,7.431911210647826
timesfm_recursive64_log1p_w0.15,submission_best_timesfm_tuned_recursive64_log1p_w0.15.csv,180d_3fold,2,180,0.2,2022-01-06,2022-07-04,recursive64_log1p,0.15,366130.5585555556,8.93332385429896,297469.7321666666,8.545894242611238,331800.1453611111,8.7396090484551
timesfm_recursive64_log1p_w0.20,submission_best_timesfm_tuned_recursive64_log1p_w0.20.csv,180d_3fold,2,180,0.2,2022-01-06,2022-07-04,recursive64_log1p,0.2,442132.9020555556,10.48765988930676,358863.88622222224,9.956567470379223,400498.3941388889,10.222113679842991
timesfm_direct_raw_w0.00,submission_best_timesfm_tuned_direct_raw_w0.00.csv,90d_3fold,1,90,0.1,2022-04-06,2022-07-04,direct_raw,0.0,189977.6832222222,4.895931132211013,155730.6027777778,4.873547405576394,172854.14299999998,4.8847392688937035
timesfm_direct_raw_w0.02,submission_best_timesfm_tuned_direct_raw_w0.02.csv,90d_3fold,1,90,0.1,2022-04-06,2022-07-04,direct_raw,0.02,175894.60411111108,4.592186981751207,151590.1866666667,4.751264816788928,163742.3953888889,4.671725899270068
timesfm_direct_raw_w0.05,submission_best_timesfm_tuned_direct_raw_w0.05.csv,90d_3fold,1,90,0.1,2022-04-06,2022-07-04,direct_raw,0.05,163348.80811111117,4.273437265785058,150566.9376666667,4.682642990161874,156957.87288888893,4.4780401279734665
timesfm_direct_raw_w0.08,submission_best_timesfm_tuned_direct_raw_w0.08.csv,90d_3fold,1,90,0.1,2022-04-06,2022-07-04,direct_raw,0.08,156669.24833333332,4.066887732219108,155336.5122222222,4.726991003412747,156002.88027777776,4.396939367815928
timesfm_direct_raw_w0.10,submission_best_timesfm_tuned_direct_raw_w0.10.csv,90d_3fold,1,90,0.1,2022-04-06,2022-07-04,direct_raw,0.1,155866.31044444442,3.9933121225618295,163468.0862222222,4.875591277308561,159667.1983333333,4.434451699935195
timesfm_direct_raw_w0.15,submission_best_timesfm_tuned_direct_raw_w0.15.csv,90d_3fold,1,90,0.1,2022-04-06,2022-07-04,direct_raw,0.15,177794.03844444442,4.382637396523927,191815.77277777778,5.50976827367869,184804.90561111108,4.9462028351013085
timesfm_direct_raw_w0.20,submission_best_timesfm_tuned_direct_raw_w0.20.csv,90d_3fold,1,90,0.1,2022-04-06,2022-07-04,direct_raw,0.2,226387.06855555563,5.302933356848349,231085.18311111117,6.422721988633081,228736.1258333334,5.862827672740716
timesfm_direct_log1p_w0.00,submission_best_timesfm_tuned_direct_log1p_w0.00.csv,90d_3fold,1,90,0.1,2022-04-06,2022-07-04,direct_log1p,0.0,189977.6832222222,4.895931132211013,155730.6027777778,4.873547405576394,172854.14299999998,4.8847392688937035
timesfm_direct_log1p_w0.02,submission_best_timesfm_tuned_direct_log1p_w0.02.csv,90d_3fold,1,90,0.1,2022-04-06,2022-07-04,direct_log1p,0.02,196755.3562222222,5.141908678183574,176684.13600000006,5.561889628497196,186719.74611111113,5.351899153340385
timesfm_direct_log1p_w0.05,submission_best_timesfm_tuned_direct_log1p_w0.05.csv,90d_3fold,1,90,0.1,2022-04-06,2022-07-04,direct_log1p,0.05,208972.88466666668,5.5354021958116135,209687.07011111113,6.68120002104484,209329.9773888889,6.108301108428227
timesfm_direct_log1p_w0.08,submission_best_timesfm_tuned_direct_log1p_w0.08.csv,90d_3fold,1,90,0.1,2022-04-06,2022-07-04,direct_log1p,0.08,224197.89622222228,6.005418027990442,245128.27755555557,7.959794996857806,234663.0868888889,6.982606512424123
timesfm_direct_log1p_w0.10,submission_best_timesfm_tuned_direct_log1p_w0.10.csv,90d_3fold,1,90,0.1,2022-04-06,2022-07-04,direct_log1p,0.1,237286.99255555557,6.422889945988672,268755.74877777783,8.812191625970339,253021.3706666667,7.6175407859795055
timesfm_direct_log1p_w0.15,submission_best_timesfm_tuned_direct_log1p_w0.15.csv,90d_3fold,1,90,0.1,2022-04-06,2022-07-04,direct_log1p,0.15,272723.55433333333,7.500369720113414,327824.42733333335,10.94318323230965,300273.99083333334,9.221776476211533
timesfm_direct_log1p_w0.20,submission_best_timesfm_tuned_direct_log1p_w0.20.csv,90d_3fold,1,90,0.1,2022-04-06,2022-07-04,direct_log1p,0.2,312569.92677777784,8.642479636401006,387441.4251111112,13.082606933314183,350005.6759444445,10.862543284857594
timesfm_recursive64_raw_w0.00,submission_best_timesfm_tuned_recursive64_raw_w0.00.csv,90d_3fold,1,90,0.1,2022-04-06,2022-07-04,recursive64_raw,0.0,189977.6832222222,4.895931132211013,155730.6027777778,4.873547405576394,172854.14299999998,4.8847392688937035
timesfm_recursive64_raw_w0.02,submission_best_timesfm_tuned_recursive64_raw_w0.02.csv,90d_3fold,1,90,0.1,2022-04-06,2022-07-04,recursive64_raw,0.02,176044.0873333333,4.5956640342268305,151741.6272222223,4.756924547121639,163892.8572777778,4.676294290674235
timesfm_recursive64_raw_w0.05,submission_best_timesfm_tuned_recursive64_raw_w0.05.csv,90d_3fold,1,90,0.1,2022-04-06,2022-07-04,recursive64_raw,0.05,163579.35211111113,4.279158725299158,150731.0966666667,4.69091473693199,157155.22438888892,4.485036731115574
timesfm_recursive64_raw_w0.08,submission_best_timesfm_tuned_recursive64_raw_w0.08.csv,90d_3fold,1,90,0.1,2022-04-06,2022-07-04,recursive64_raw,0.08,155752.68599999996,4.046167624337828,155401.89733333333,4.749528407738928,155577.29166666663,4.3978480160383775
timesfm_recursive64_raw_w0.10,submission_best_timesfm_tuned_recursive64_raw_w0.10.csv,90d_3fold,1,90,0.1,2022-04-06,2022-07-04,recursive64_raw,0.1,154872.88366666663,4.0056319607079,163910.9963333333,4.941237653472038,159391.93999999997,4.473434807089969
timesfm_recursive64_raw_w0.15,submission_best_timesfm_tuned_recursive64_raw_w0.15.csv,90d_3fold,1,90,0.1,2022-04-06,2022-07-04,recursive64_raw,0.15,175480.71222222215,4.39530270120249,191001.67077777773,5.567764575754976,183241.19149999996,4.981533638478733
timesfm_recursive64_raw_w0.20,submission_best_timesfm_tuned_recursive64_raw_w0.20.csv,90d_3fold,1,90,0.1,2022-04-06,2022-07-04,recursive64_raw,0.2,221802.88788888886,5.281844417049489,227854.3535555555,6.440661638610049,224828.6207222222,5.861253027829768
timesfm_recursive64_log1p_w0.00,submission_best_timesfm_tuned_recursive64_log1p_w0.00.csv,90d_3fold,1,90,0.1,2022-04-06,2022-07-04,recursive64_log1p,0.0,189977.6832222222,4.895931132211013,155730.6027777778,4.873547405576394,172854.14299999998,4.8847392688937035
timesfm_recursive64_log1p_w0.02,submission_best_timesfm_tuned_recursive64_log1p_w0.02.csv,90d_3fold,1,90,0.1,2022-04-06,2022-07-04,recursive64_log1p,0.02,197050.8365555555,5.147508409811185,176731.89922222224,5.559377411475156,186891.36788888887,5.353442910643171
timesfm_recursive64_log1p_w0.05,submission_best_timesfm_tuned_recursive64_log1p_w0.05.csv,90d_3fold,1,90,0.1,2022-04-06,2022-07-04,recursive64_log1p,0.05,209711.58511111114,5.549401512131996,209654.40277777778,6.6652734080409575,209682.99394444446,6.107337460086477
timesfm_recursive64_log1p_w0.08,submission_best_timesfm_tuned_recursive64_log1p_w0.08.csv,90d_3fold,1,90,0.1,2022-04-06,2022-07-04,recursive64_log1p,0.08,225016.37322222223,6.019409738853958,245076.00922222223,7.9343123900529955,235046.19122222223,6.976861064453477
timesfm_recursive64_log1p_w0.10,submission_best_timesfm_tuned_recursive64_log1p_w0.10.csv,90d_3fold,1,90,0.1,2022-04-06,2022-07-04,recursive64_log1p,0.1,237789.01077777782,6.429923385503894,268690.4134444445,8.78033837346396,253239.71211111115,7.605130879483927
timesfm_recursive64_log1p_w0.15,submission_best_timesfm_tuned_recursive64_log1p_w0.15.csv,90d_3fold,1,90,0.1,2022-04-06,2022-07-04,recursive64_log1p,0.15,273476.5821111111,7.510919896495404,327726.4243333333,10.895403349291929,300601.5032222222,9.203161622893667
timesfm_recursive64_log1p_w0.20,submission_best_timesfm_tuned_recursive64_log1p_w0.20.csv,90d_3fold,1,90,0.1,2022-04-06,2022-07-04,recursive64_log1p,0.2,313021.43933333334,8.644697805494685,387257.38322222227,13.017760343093776,350139.4112777778,10.831229074294232
timesfm_direct_raw_w0.00,submission_best_timesfm_tuned_direct_raw_w0.00.csv,90d_3fold,2,90,0.1,2022-07-05,2022-10-02,direct_raw,0.0,122577.13255555557,3.8030796649649727,118334.99977777779,4.4653934478598005,120456.06616666669,4.134236556412387
timesfm_direct_raw_w0.02,submission_best_timesfm_tuned_direct_raw_w0.02.csv,90d_3fold,2,90,0.1,2022-07-05,2022-10-02,direct_raw,0.02,127216.3213333334,3.946522741859553,123464.03544444448,4.732238384480591,125340.17838888895,4.339380563170073
timesfm_direct_raw_w0.05,submission_best_timesfm_tuned_direct_raw_w0.05.csv,90d_3fold,2,90,0.1,2022-07-05,2022-10-02,direct_raw,0.05,137597.15911111116,4.321870189535895,133509.20933333336,5.236075654339257,135553.18422222225,4.7789729219375765
timesfm_direct_raw_w0.08,submission_best_timesfm_tuned_direct_raw_w0.08.csv,90d_3fold,2,90,0.1,2022-07-05,2022-10-02,direct_raw,0.08,150117.84922222223,4.783339696185687,146246.96533333333,5.8658913706069,148182.4072777778,5.324615533396294
timesfm_direct_raw_w0.10,submission_best_timesfm_tuned_direct_raw_w0.10.csv,90d_3fold,2,90,0.1,2022-07-05,2022-10-02,direct_raw,0.1,160170.70833333334,5.169759337117607,155690.35055555552,6.3252409786922845,157930.52944444443,5.747500157904946
timesfm_direct_raw_w0.15,submission_best_timesfm_tuned_direct_raw_w0.15.csv,90d_3fold,2,90,0.1,2022-07-05,2022-10-02,direct_raw,0.15,187519.36744444445,6.212427860896817,181057.68299999996,7.545551116289218,184288.5252222222,6.878989488593017
timesfm_direct_raw_w0.20,submission_best_timesfm_tuned_direct_raw_w0.20.csv,90d_3fold,2,90,0.1,2022-07-05,2022-10-02,direct_raw,0.2,219169.11222222223,7.4255499212603855,207470.92977777778,8.801482447221181,213320.021,8.113516184240783
timesfm_direct_log1p_w0.00,submission_best_timesfm_tuned_direct_log1p_w0.00.csv,90d_3fold,2,90,0.1,2022-07-05,2022-10-02,direct_log1p,0.0,122577.13255555557,3.8030796649649727,118334.99977777779,4.4653934478598005,120456.06616666669,4.134236556412387
timesfm_direct_log1p_w0.02,submission_best_timesfm_tuned_direct_log1p_w0.02.csv,90d_3fold,2,90,0.1,2022-07-05,2022-10-02,direct_log1p,0.02,133361.67622222225,4.040335410613118,124259.97233333332,4.676230360892145,128810.82427777778,4.358282885752631
timesfm_direct_log1p_w0.05,submission_best_timesfm_tuned_direct_log1p_w0.05.csv,90d_3fold,2,90,0.1,2022-07-05,2022-10-02,direct_log1p,0.05,152402.62233333336,4.510325830420668,134871.76644444445,5.043886202398529,143637.1943888889,4.777106016409599
timesfm_direct_log1p_w0.08,submission_best_timesfm_tuned_direct_log1p_w0.08.csv,90d_3fold,2,90,0.1,2022-07-05,2022-10-02,direct_log1p,0.08,172464.16033333336,5.0174005267625965,148679.94822222227,5.511324619906813,160572.05427777782,5.264362573334704
timesfm_direct_log1p_w0.10,submission_best_timesfm_tuned_direct_log1p_w0.10.csv,90d_3fold,2,90,0.1,2022-07-05,2022-10-02,direct_log1p,0.1,186835.34211111115,5.38139137223331,158497.58844444444,5.845210906351463,172666.4652777778,5.613301139292386
timesfm_direct_log1p_w0.15,submission_best_timesfm_tuned_direct_log1p_w0.15.csv,90d_3fold,2,90,0.1,2022-07-05,2022-10-02,direct_log1p,0.15,225196.00422222228,6.368889229112174,185537.7096666667,6.793054932165974,205366.85694444447,6.580972080639074
timesfm_direct_log1p_w0.20,submission_best_timesfm_tuned_direct_log1p_w0.20.csv,90d_3fold,2,90,0.1,2022-07-05,2022-10-02,direct_log1p,0.2,265665.92922222224,7.428259415279705,213303.16444444444,7.7724978451844,239484.54683333333,7.600378630232052
timesfm_recursive64_raw_w0.00,submission_best_timesfm_tuned_recursive64_raw_w0.00.csv,90d_3fold,2,90,0.1,2022-07-05,2022-10-02,recursive64_raw,0.0,122577.13255555557,3.8030796649649727,118334.99977777779,4.4653934478598005,120456.06616666669,4.134236556412387
timesfm_recursive64_raw_w0.02,submission_best_timesfm_tuned_recursive64_raw_w0.02.csv,90d_3fold,2,90,0.1,2022-07-05,2022-10-02,recursive64_raw,0.02,127691.00166666668,3.99328434531532,123357.14699999998,4.753355172491642,125524.07433333332,4.373319758903481
timesfm_recursive64_raw_w0.05,submission_best_timesfm_tuned_recursive64_raw_w0.05.csv,90d_3fold,2,90,0.1,2022-07-05,2022-10-02,recursive64_raw,0.05,139620.62422222225,4.465566138596574,134842.8887777778,5.357247511317077,137231.75650000002,4.911406824956826
timesfm_recursive64_raw_w0.08,submission_best_timesfm_tuned_recursive64_raw_w0.08.csv,90d_3fold,2,90,0.1,2022-07-05,2022-10-02,recursive64_raw,0.08,154544.12311111114,5.054222309905933,149339.99844444444,6.099732749069693,151942.0607777778,5.576977529487813
timesfm_recursive64_raw_w0.10,submission_best_timesfm_tuned_recursive64_raw_w0.10.csv,90d_3fold,2,90,0.1,2022-07-05,2022-10-02,recursive64_raw,0.1,166354.09555555557,5.530968074472077,160249.30988888885,6.645675521375479,163301.7027222222,6.088321797923777
timesfm_recursive64_raw_w0.15,submission_best_timesfm_tuned_recursive64_raw_w0.15.csv,90d_3fold,2,90,0.1,2022-07-05,2022-10-02,recursive64_raw,0.15,198443.49399999998,6.810167186727087,189224.30988888885,8.081391839312051,193833.9019444444,7.445779513019569
timesfm_recursive64_raw_w0.20,submission_best_timesfm_tuned_recursive64_raw_w0.20.csv,90d_3fold,2,90,0.1,2022-07-05,2022-10-02,recursive64_raw,0.2,236938.13644444445,8.329043067852746,218958.5857777777,9.540937099347705,227948.36111111107,8.934990083600226
timesfm_recursive64_log1p_w0.00,submission_best_timesfm_tuned_recursive64_log1p_w0.00.csv,90d_3fold,2,90,0.1,2022-07-05,2022-10-02,recursive64_log1p,0.0,122577.13255555557,3.8030796649649727,118334.99977777779,4.4653934478598005,120456.06616666669,4.134236556412387
timesfm_recursive64_log1p_w0.02,submission_best_timesfm_tuned_recursive64_log1p_w0.02.csv,90d_3fold,2,90,0.1,2022-07-05,2022-10-02,recursive64_log1p,0.02,133146.1391111112,4.045576621472109,123658.53333333335,4.6629014232987345,128402.33622222228,4.354239022385421
timesfm_recursive64_log1p_w0.05,submission_best_timesfm_tuned_recursive64_log1p_w0.05.csv,90d_3fold,2,90,0.1,2022-07-05,2022-10-02,recursive64_log1p,0.05,151307.22433333338,4.501643625291239,133372.50600000002,5.01337120879283,142339.86516666668,4.757507417042035
timesfm_recursive64_log1p_w0.08,submission_best_timesfm_tuned_recursive64_log1p_w0.08.csv,90d_3fold,2,90,0.1,2022-07-05,2022-10-02,recursive64_log1p,0.08,170670.43688888894,5.00157569553682,145419.37811111112,5.435670512071712,158044.90750000003,5.218623103804266
timesfm_recursive64_log1p_w0.10,submission_best_timesfm_tuned_recursive64_log1p_w0.10.csv,90d_3fold,2,90,0.1,2022-07-05,2022-10-02,recursive64_log1p,0.1,184525.2803333334,5.358414969844734,154212.03977777777,5.743863019336037,169368.66005555558,5.551138994590385
timesfm_recursive64_log1p_w0.15,submission_best_timesfm_tuned_recursive64_log1p_w0.15.csv,90d_3fold,2,90,0.1,2022-07-05,2022-10-02,recursive64_log1p,0.15,221017.9055555556,6.305140473342312,178967.20433333336,6.638026856093447,199992.55494444448,6.47158366471788
timesfm_recursive64_log1p_w0.20,submission_best_timesfm_tuned_recursive64_log1p_w0.20.csv,90d_3fold,2,90,0.1,2022-07-05,2022-10-02,recursive64_log1p,0.2,259517.46288888893,7.31967950785163,204717.20922222227,7.574040182027522,232117.3360555556,7.446859844939576
timesfm_direct_raw_w0.00,submission_best_timesfm_tuned_direct_raw_w0.00.csv,180d_3fold,3,180,0.2,2022-07-05,2022-12-31,direct_raw,0.0,118408.95172222225,5.254032098346022,115994.34761111111,5.988354979410962,117201.64966666668,5.621193538878492
timesfm_direct_raw_w0.02,submission_best_timesfm_tuned_direct_raw_w0.02.csv,180d_3fold,3,180,0.2,2022-07-05,2022-12-31,direct_raw,0.02,118224.15061111112,5.2855508183307425,120071.48922222224,6.29237466157466,119147.81991666669,5.7889627399527015
timesfm_direct_raw_w0.05,submission_best_timesfm_tuned_direct_raw_w0.05.csv,180d_3fold,3,180,0.2,2022-07-05,2022-12-31,direct_raw,0.05,123939.945,5.704931861803103,129049.7151111111,6.941603256967649,126494.83005555556,6.323267559385376
timesfm_direct_raw_w0.08,submission_best_timesfm_tuned_direct_raw_w0.08.csv,180d_3fold,3,180,0.2,2022-07-05,2022-12-31,direct_raw,0.08,134402.87372222223,6.4294856744731534,140985.61166666663,7.77326603928616,137694.24269444443,7.101375856879656
timesfm_direct_raw_w0.10,submission_best_timesfm_tuned_direct_raw_w0.10.csv,180d_3fold,3,180,0.2,2022-07-05,2022-12-31,direct_raw,0.1,144386.70911111112,7.071561896557532,149953.89227777778,8.376572248900414,147170.30069444445,7.724067072728973
timesfm_direct_raw_w0.15,submission_best_timesfm_tuned_direct_raw_w0.15.csv,180d_3fold,3,180,0.2,2022-07-05,2022-12-31,direct_raw,0.15,176861.4632777778,9.089792241861167,175292.7540555556,10.032320017023528,176077.1086666667,9.561056129442347
timesfm_direct_raw_w0.20,submission_best_timesfm_tuned_direct_raw_w0.20.csv,180d_3fold,3,180,0.2,2022-07-05,2022-12-31,direct_raw,0.2,216913.28327777775,11.47685213410196,203355.07566666664,11.832887412724304,210134.1794722222,11.654869773413132
timesfm_direct_log1p_w0.00,submission_best_timesfm_tuned_direct_log1p_w0.00.csv,180d_3fold,3,180,0.2,2022-07-05,2022-12-31,direct_log1p,0.0,118408.95172222225,5.254032098346022,115994.34761111111,5.988354979410962,117201.64966666668,5.621193538878492
timesfm_direct_log1p_w0.02,submission_best_timesfm_tuned_direct_log1p_w0.02.csv,180d_3fold,3,180,0.2,2022-07-05,2022-12-31,direct_log1p,0.02,125569.54450000003,5.458849328778195,120070.04316666664,6.183977349788551,122819.79383333333,5.821413339283373
timesfm_direct_log1p_w0.05,submission_best_timesfm_tuned_direct_log1p_w0.05.csv,180d_3fold,3,180,0.2,2022-07-05,2022-12-31,direct_log1p,0.05,139116.79694444448,5.873901094225903,127726.19305555556,6.553022444905719,133421.49500000002,6.213461769565811
timesfm_direct_log1p_w0.08,submission_best_timesfm_tuned_direct_log1p_w0.08.csv,180d_3fold,3,180,0.2,2022-07-05,2022-12-31,direct_log1p,0.08,154088.7772777778,6.347463392539192,137715.30905555555,7.026749736071312,145902.04316666667,6.687106564305251
timesfm_direct_log1p_w0.10,submission_best_timesfm_tuned_direct_log1p_w0.10.csv,180d_3fold,3,180,0.2,2022-07-05,2022-12-31,direct_log1p,0.1,165151.73566666667,6.716112834546137,144784.37561111114,7.36260183199668,154968.0556388889,7.039357333271409
timesfm_direct_log1p_w0.15,submission_best_timesfm_tuned_direct_log1p_w0.15.csv,180d_3fold,3,180,0.2,2022-07-05,2022-12-31,direct_log1p,0.15,194360.513,7.703377954803738,164380.82472222223,8.29280954069772,179370.6688611111,7.998093747750729
timesfm_direct_log1p_w0.20,submission_best_timesfm_tuned_direct_log1p_w0.20.csv,180d_3fold,3,180,0.2,2022-07-05,2022-12-31,direct_log1p,0.2,224818.97227777776,8.739250343584239,185779.62527777776,9.298536800436423,205299.29877777776,9.018893572010331
timesfm_recursive64_raw_w0.00,submission_best_timesfm_tuned_recursive64_raw_w0.00.csv,180d_3fold,3,180,0.2,2022-07-05,2022-12-31,recursive64_raw,0.0,118408.95172222225,5.254032098346022,115994.34761111111,5.988354979410962,117201.64966666668,5.621193538878492
timesfm_recursive64_raw_w0.02,submission_best_timesfm_tuned_recursive64_raw_w0.02.csv,180d_3fold,3,180,0.2,2022-07-05,2022-12-31,recursive64_raw,0.02,117373.07050000003,5.299096816590405,121182.91666666667,6.424577469064515,119277.99358333336,5.86183714282746
timesfm_recursive64_raw_w0.05,submission_best_timesfm_tuned_recursive64_raw_w0.05.csv,180d_3fold,3,180,0.2,2022-07-05,2022-12-31,recursive64_raw,0.05,126532.55111111113,5.999101109013222,134409.6447222222,7.449638520897736,130471.09791666667,6.7243698149554785
timesfm_recursive64_raw_w0.08,submission_best_timesfm_tuned_recursive64_raw_w0.08.csv,180d_3fold,3,180,0.2,2022-07-05,2022-12-31,recursive64_raw,0.08,145388.89388888888,7.246563023871761,151742.11277777777,8.69669140799973,148565.50333333333,7.9716272159357455
timesfm_recursive64_raw_w0.10,submission_best_timesfm_tuned_recursive64_raw_w0.10.csv,180d_3fold,3,180,0.2,2022-07-05,2022-12-31,recursive64_raw,0.1,162700.079,8.33945670100121,165783.96516666666,9.657668921518605,164242.02208333334,8.998562811259907
timesfm_recursive64_raw_w0.15,submission_best_timesfm_tuned_recursive64_raw_w0.15.csv,180d_3fold,3,180,0.2,2022-07-05,2022-12-31,recursive64_raw,0.15,215109.44405555556,11.528763047762645,204958.97855555557,12.270378688866769,210034.21130555557,11.899570868314708
timesfm_recursive64_raw_w0.20,submission_best_timesfm_tuned_recursive64_raw_w0.20.csv,180d_3fold,3,180,0.2,2022-07-05,2022-12-31,recursive64_raw,0.2,274820.14588888886,15.046963508757965,248857.3276111111,15.145987578248013,261838.73674999998,15.09647554350299
timesfm_recursive64_log1p_w0.00,submission_best_timesfm_tuned_recursive64_log1p_w0.00.csv,180d_3fold,3,180,0.2,2022-07-05,2022-12-31,recursive64_log1p,0.0,118408.95172222225,5.254032098346022,115994.34761111111,5.988354979410962,117201.64966666668,5.621193538878492
timesfm_recursive64_log1p_w0.02,submission_best_timesfm_tuned_recursive64_log1p_w0.02.csv,180d_3fold,3,180,0.2,2022-07-05,2022-12-31,recursive64_log1p,0.02,123725.41088888893,5.4073121659050365,119986.10399999999,6.229737371242512,121855.75744444446,5.818524768573774
timesfm_recursive64_log1p_w0.05,submission_best_timesfm_tuned_recursive64_log1p_w0.05.csv,180d_3fold,3,180,0.2,2022-07-05,2022-12-31,recursive64_log1p,0.05,134035.51161111114,5.7496075662143005,127973.29705555555,6.723466273702271,131004.40433333334,6.236536919958286
timesfm_recursive64_log1p_w0.08,submission_best_timesfm_tuned_recursive64_log1p_w0.08.csv,180d_3fold,3,180,0.2,2022-07-05,2022-12-31,recursive64_log1p,0.08,146784.72700000004,6.238857624461444,138136.89772222223,7.325050508599475,142460.81236111114,6.781954066530459
timesfm_recursive64_log1p_w0.10,submission_best_timesfm_tuned_recursive64_log1p_w0.10.csv,180d_3fold,3,180,0.2,2022-07-05,2022-12-31,recursive64_log1p,0.1,156229.2367222222,6.612217064302104,145446.03788888894,7.748843935129991,150837.63730555557,7.180530499716047
timesfm_recursive64_log1p_w0.15,submission_best_timesfm_tuned_recursive64_log1p_w0.15.csv,180d_3fold,3,180,0.2,2022-07-05,2022-12-31,recursive64_log1p,0.15,181978.82566666667,7.643826486277608,165851.65377777777,8.915485109704248,173915.2397222222,8.279655797990928
timesfm_recursive64_log1p_w0.20,submission_best_timesfm_tuned_recursive64_log1p_w0.20.csv,180d_3fold,3,180,0.2,2022-07-05,2022-12-31,recursive64_log1p,0.2,210249.06927777777,8.803611418876491,187833.32344444442,10.16850502594766,199041.1963611111,9.486058222412076
timesfm_direct_raw_w0.00,submission_best_timesfm_tuned_direct_raw_w0.00.csv,90d_3fold,3,90,0.1,2022-10-03,2022-12-31,direct_raw,0.0,117247.18188888888,7.0844781511015436,139894.60388888887,8.380219432227381,128570.89288888888,7.732348791664462
timesfm_direct_raw_w0.02,submission_best_timesfm_tuned_direct_raw_w0.02.csv,90d_3fold,3,90,0.1,2022-10-03,2022-12-31,direct_raw,0.02,113674.86877777775,6.801945762872809,134664.87333333332,8.0285702126669,124169.87105555553,7.415257987769854
timesfm_direct_raw_w0.05,submission_best_timesfm_tuned_direct_raw_w0.05.csv,90d_3fold,3,90,0.1,2022-10-03,2022-12-31,direct_raw,0.05,111603.59399999998,6.592973141128393,130013.22611111109,7.70051913566236,120808.41005555553,7.146746138395377
timesfm_direct_raw_w0.08,submission_best_timesfm_tuned_direct_raw_w0.08.csv,90d_3fold,3,90,0.1,2022-10-03,2022-12-31,direct_raw,0.08,114255.56911111112,6.776942194522974,130770.91066666666,7.809582048311362,122513.2398888889,7.293262121417168
timesfm_direct_raw_w0.10,submission_best_timesfm_tuned_direct_raw_w0.10.csv,90d_3fold,3,90,0.1,2022-10-03,2022-12-31,direct_raw,0.1,118130.96266666667,7.087364519662266,132351.06833333333,7.96510842814788,125241.01550000001,7.526236473905072
timesfm_direct_raw_w0.15,submission_best_timesfm_tuned_direct_raw_w0.15.csv,90d_3fold,3,90,0.1,2022-10-03,2022-12-31,direct_raw,0.15,135003.81933333332,8.282422723672846,144080.38522222222,8.890922932124898,139542.10227777777,8.586672827898873
timesfm_direct_raw_w0.20,submission_best_timesfm_tuned_direct_raw_w0.20.csv,90d_3fold,3,90,0.1,2022-10-03,2022-12-31,direct_raw,0.2,161067.45322222222,10.044145777241814,162921.25522222224,10.280947612522933,161994.35422222223,10.162546694882373
timesfm_direct_log1p_w0.00,submission_best_timesfm_tuned_direct_log1p_w0.00.csv,90d_3fold,3,90,0.1,2022-10-03,2022-12-31,direct_log1p,0.0,117247.18188888888,7.0844781511015436,139894.60388888887,8.380219432227381,128570.89288888888,7.732348791664462
timesfm_direct_log1p_w0.02,submission_best_timesfm_tuned_direct_log1p_w0.02.csv,90d_3fold,3,90,0.1,2022-10-03,2022-12-31,direct_log1p,0.02,116325.67500000002,6.932396136141613,134560.88422222223,7.982750547000195,125443.27961111112,7.457573341570904
timesfm_direct_log1p_w0.05,submission_best_timesfm_tuned_direct_log1p_w0.05.csv,90d_3fold,3,90,0.1,2022-10-03,2022-12-31,direct_log1p,0.05,117778.80011111112,6.850683930595733,128573.43011111108,7.5889020538434115,123176.11511111111,7.219792992219572
timesfm_direct_log1p_w0.08,submission_best_timesfm_tuned_direct_log1p_w0.08.csv,90d_3fold,3,90,0.1,2022-10-03,2022-12-31,direct_log1p,0.08,120812.9667777778,6.877205394148667,126443.85122222222,7.564248236746531,123628.40900000001,7.220726815447598
timesfm_direct_log1p_w0.10,submission_best_timesfm_tuned_direct_log1p_w0.10.csv,90d_3fold,3,90,0.1,2022-10-03,2022-12-31,direct_log1p,0.1,124080.84877777778,7.003943843788426,127077.42733333333,7.696396571461054,125579.13805555555,7.35017020762474
timesfm_direct_log1p_w0.15,submission_best_timesfm_tuned_direct_log1p_w0.15.csv,90d_3fold,3,90,0.1,2022-10-03,2022-12-31,direct_log1p,0.15,136436.02711111115,7.669568357142224,133747.53,8.367244381178168,135091.77855555556,8.018406369160196
timesfm_direct_log1p_w0.20,submission_best_timesfm_tuned_direct_log1p_w0.20.csv,90d_3fold,3,90,0.1,2022-10-03,2022-12-31,direct_log1p,0.2,150441.73388888885,8.46992748371699,147551.99555555556,9.62146464362948,148996.8647222222,9.045696063673235
timesfm_recursive64_raw_w0.00,submission_best_timesfm_tuned_recursive64_raw_w0.00.csv,90d_3fold,3,90,0.1,2022-10-03,2022-12-31,recursive64_raw,0.0,117247.18188888888,7.0844781511015436,139894.60388888887,8.380219432227381,128570.89288888888,7.732348791664462
timesfm_recursive64_raw_w0.02,submission_best_timesfm_tuned_recursive64_raw_w0.02.csv,90d_3fold,3,90,0.1,2022-10-03,2022-12-31,recursive64_raw,0.02,113177.34866666666,6.769595939092684,134296.04544444443,8.00240920743711,123736.69705555555,7.386002573264896
timesfm_recursive64_raw_w0.05,submission_best_timesfm_tuned_recursive64_raw_w0.05.csv,90d_3fold,3,90,0.1,2022-10-03,2022-12-31,recursive64_raw,0.05,111312.5781111111,6.5910920467311565,130116.76911111109,7.735125969903081,120714.6736111111,7.163109008317119
timesfm_recursive64_raw_w0.08,submission_best_timesfm_tuned_recursive64_raw_w0.08.csv,90d_3fold,3,90,0.1,2022-10-03,2022-12-31,recursive64_raw,0.08,115176.65633333333,6.911172032275002,131683.12244444442,7.922902097328921,123429.88938888887,7.417037064801962
timesfm_recursive64_raw_w0.10,submission_best_timesfm_tuned_recursive64_raw_w0.10.csv,90d_3fold,3,90,0.1,2022-10-03,2022-12-31,recursive64_raw,0.1,119706.02844444446,7.285615236632305,134135.77777777778,8.153281021822592,126920.90311111111,7.719448129227448
timesfm_recursive64_raw_w0.15,submission_best_timesfm_tuned_recursive64_raw_w0.15.csv,90d_3fold,3,90,0.1,2022-10-03,2022-12-31,recursive64_raw,0.15,138129.0198888889,8.602052884867419,146275.53455555555,9.14156663771643,142202.27722222224,8.871809761291924
timesfm_recursive64_raw_w0.20,submission_best_timesfm_tuned_recursive64_raw_w0.20.csv,90d_3fold,3,90,0.1,2022-10-03,2022-12-31,recursive64_raw,0.2,165230.89055555552,10.474902036871663,166324.02022222223,10.631095022028038,165777.4553888889,10.552998529449852
timesfm_recursive64_log1p_w0.00,submission_best_timesfm_tuned_recursive64_log1p_w0.00.csv,90d_3fold,3,90,0.1,2022-10-03,2022-12-31,recursive64_log1p,0.0,117247.18188888888,7.0844781511015436,139894.60388888887,8.380219432227381,128570.89288888888,7.732348791664462
timesfm_recursive64_log1p_w0.02,submission_best_timesfm_tuned_recursive64_log1p_w0.02.csv,90d_3fold,3,90,0.1,2022-10-03,2022-12-31,recursive64_log1p,0.02,116583.21833333334,6.935452857894334,135132.021,7.998663410812597,125857.61966666667,7.467058134353465
timesfm_recursive64_log1p_w0.05,submission_best_timesfm_tuned_recursive64_log1p_w0.05.csv,90d_3fold,3,90,0.1,2022-10-03,2022-12-31,recursive64_log1p,0.05,118436.55044444445,6.860023576276316,130374.50033333333,7.680461061291,124405.5253888889,7.270242318783659
timesfm_recursive64_log1p_w0.08,submission_best_timesfm_tuned_recursive64_log1p_w0.08.csv,90d_3fold,3,90,0.1,2022-10-03,2022-12-31,recursive64_log1p,0.08,122159.91933333335,6.928148393221556,129537.87577777776,7.732794580300793,125848.89755555557,7.330471486761175
timesfm_recursive64_log1p_w0.10,submission_best_timesfm_tuned_recursive64_log1p_w0.10.csv,90d_3fold,3,90,0.1,2022-10-03,2022-12-31,recursive64_log1p,0.1,126132.46122222222,7.117931584187296,130505.16844444444,7.883197355732031,128318.81483333334,7.500564469959664
timesfm_recursive64_log1p_w0.15,submission_best_timesfm_tuned_recursive64_log1p_w0.15.csv,90d_3fold,3,90,0.1,2022-10-03,2022-12-31,recursive64_log1p,0.15,138944.51188888893,7.801546449038302,137612.59566666666,8.57408266705801,138278.5537777778,8.187814558048156
timesfm_recursive64_log1p_w0.20,submission_best_timesfm_tuned_recursive64_log1p_w0.20.csv,90d_3fold,3,90,0.1,2022-10-03,2022-12-31,recursive64_log1p,0.2,153753.06333333332,8.641795821476103,151127.67955555557,9.800411383361254,152440.37144444446,9.22110360241868
